initiative_id,month,metric,value,baseline,higher_is_better
CS,1,resolution_rate,0.567,0.0,yes
CS,1,hallucination_rate,0.0,0.0,no
CS,1,human_intervention_rate,0.433,1.0,no
CS,1,cost_per_interaction_inr,0.014,45.0,no
CS,1,avg_tokens,138.133,0.0,no
CS,2,resolution_rate,0.467,0.0,yes
CS,2,hallucination_rate,0.1,0.0,no
CS,2,human_intervention_rate,0.533,1.0,no
CS,2,cost_per_interaction_inr,0.011,45.0,no
CS,2,avg_tokens,113.967,0.0,no
CS,3,resolution_rate,0.3,0.0,yes
CS,3,hallucination_rate,0.067,0.0,no
CS,3,human_intervention_rate,0.7,1.0,no
CS,3,cost_per_interaction_inr,0.012,45.0,no
CS,3,avg_tokens,116.433,0.0,no
CS,4,resolution_rate,0.567,0.0,yes
CS,4,hallucination_rate,0.067,0.0,no
CS,4,human_intervention_rate,0.433,1.0,no
CS,4,cost_per_interaction_inr,0.013,45.0,no
CS,4,avg_tokens,126.467,0.0,no
CS,5,resolution_rate,0.533,0.0,yes
CS,5,hallucination_rate,0.0,0.0,no
CS,5,human_intervention_rate,0.467,1.0,no
CS,5,cost_per_interaction_inr,0.021,45.0,no
CS,5,avg_tokens,208.9,0.0,no
CS,6,resolution_rate,0.5,0.0,yes
CS,6,hallucination_rate,0.033,0.0,no
CS,6,human_intervention_rate,0.5,1.0,no
CS,6,cost_per_interaction_inr,0.018,45.0,no
CS,6,avg_tokens,179.533,0.0,no
CS,7,resolution_rate,0.567,0.0,yes
CS,7,hallucination_rate,0.1,0.0,no
CS,7,human_intervention_rate,0.433,1.0,no
CS,7,cost_per_interaction_inr,0.02,45.0,no
CS,7,avg_tokens,203.333,0.0,no
CS,8,resolution_rate,0.467,0.0,yes
CS,8,hallucination_rate,0.033,0.0,no
CS,8,human_intervention_rate,0.533,1.0,no
CS,8,cost_per_interaction_inr,0.02,45.0,no
CS,8,avg_tokens,197.867,0.0,no
CS,9,resolution_rate,0.533,0.0,yes
CS,9,hallucination_rate,0.067,0.0,no
CS,9,human_intervention_rate,0.467,1.0,no
CS,9,cost_per_interaction_inr,0.019,45.0,no
CS,9,avg_tokens,191.467,0.0,no
CS,10,resolution_rate,0.633,0.0,yes
CS,10,hallucination_rate,0.033,0.0,no
CS,10,human_intervention_rate,0.367,1.0,no
CS,10,cost_per_interaction_inr,0.021,45.0,no
CS,10,avg_tokens,212.967,0.0,no
CS,11,resolution_rate,0.567,0.0,yes
CS,11,hallucination_rate,0.067,0.0,no
CS,11,human_intervention_rate,0.433,1.0,no
CS,11,cost_per_interaction_inr,0.02,45.0,no
CS,11,avg_tokens,204.2,0.0,no
CS,12,resolution_rate,0.6,0.0,yes
CS,12,hallucination_rate,0.1,0.0,no
CS,12,human_intervention_rate,0.4,1.0,no
CS,12,cost_per_interaction_inr,0.018,45.0,no
CS,12,avg_tokens,176.633,0.0,no
