initiative_id,month,metric,value,baseline,higher_is_better
RA,1,autonomous_rate,0.452,0,yes
RA,1,exception_rate,0.302,0.08,no
RA,1,cost_per_txn_inr,40.2,150,no
RA,2,autonomous_rate,0.481,0,yes
RA,2,exception_rate,0.288,0.08,no
RA,2,cost_per_txn_inr,38.6,150,no
RA,3,autonomous_rate,0.474,0,yes
RA,3,exception_rate,0.295,0.08,no
RA,3,cost_per_txn_inr,39.4,150,no
RA,4,autonomous_rate,0.538,0,yes
RA,4,exception_rate,0.261,0.08,no
RA,4,cost_per_txn_inr,35.1,150,no
RA,5,autonomous_rate,0.561,0,yes
RA,5,exception_rate,0.248,0.08,no
RA,5,cost_per_txn_inr,33.8,150,no
RA,6,autonomous_rate,0.553,0,yes
RA,6,exception_rate,0.253,0.08,no
RA,6,cost_per_txn_inr,34.5,150,no
RA,7,autonomous_rate,0.617,0,yes
RA,7,exception_rate,0.221,0.08,no
RA,7,cost_per_txn_inr,30.2,150,no
RA,8,autonomous_rate,0.642,0,yes
RA,8,exception_rate,0.204,0.08,no
RA,8,cost_per_txn_inr,28.4,150,no
RA,9,autonomous_rate,0.668,0,yes
RA,9,exception_rate,0.187,0.08,no
RA,9,cost_per_txn_inr,26.9,150,no
RA,10,autonomous_rate,0.715,0,yes
RA,10,exception_rate,0.152,0.08,no
RA,10,cost_per_txn_inr,23.1,150,no
RA,11,autonomous_rate,0.742,0,yes
RA,11,exception_rate,0.131,0.08,no
RA,11,cost_per_txn_inr,20.6,150,no
RA,12,autonomous_rate,0.796,0,yes
RA,12,exception_rate,0.104,0.08,no
RA,12,cost_per_txn_inr,18.3,150,no