initiative_id,month,eligible_users,active_users,share
DF,1,22,2,0.0909
DF,2,22,6,0.2727
DF,3,22,10,0.4545
DF,4,22,15,0.6818
DF,5,22,18,0.8182
DF,6,22,20,0.9091
DF,7,22,21,0.9545
DF,8,22,21,0.9545
DF,9,22,21,0.9545
DF,10,22,21,0.9545
DF,11,22,21,0.9545
DF,12,22,21,0.9545
DR,1,60,2,0.0333
DR,2,60,4,0.0667
DR,3,60,9,0.15
DR,4,60,16,0.2667
DR,5,60,26,0.4333
DR,6,60,35,0.5833
DR,7,60,42,0.7
DR,8,60,47,0.7833
DR,9,60,49,0.8167
DR,10,60,50,0.8333
DR,11,60,51,0.85
DR,12,60,51,0.85
PM,1,35,2,0.0571
PM,2,35,3,0.0857
PM,3,35,6,0.1714
PM,4,35,9,0.2571
PM,5,35,14,0.4
PM,6,35,19,0.5429
PM,7,35,22,0.6286
PM,8,35,25,0.7143
PM,9,35,26,0.7429
PM,10,35,27,0.7714
PM,11,35,28,0.8
PM,12,35,28,0.8
CS,1,120,5,0.0417
CS,2,120,8,0.0667
CS,3,120,13,0.1083
CS,4,120,18,0.15
CS,5,120,23,0.1917
CS,6,120,28,0.2333
CS,7,120,31,0.2583
CS,8,120,33,0.275
CS,9,120,34,0.2833
CS,10,120,35,0.2917
CS,11,120,35,0.2917
CS,12,120,36,0.3
RA,1,15,0,0.0
RA,2,15,0,0.0
RA,3,15,0,0.0
RA,4,15,1,0.0667
RA,5,15,1,0.0667
RA,6,15,2,0.1333
RA,7,15,4,0.2667
RA,8,15,5,0.3333
RA,9,15,7,0.4667
RA,10,15,8,0.5333
RA,11,15,9,0.6
RA,12,15,10,0.6667
